date,currency,opening_balance,closing_balance,net_daily_flow,fx_rate_to_usd,usd_equivalent_balance
2025-10-26,USD,1340423334.5,1388922186.33,48498851.83,1.000554,1389691014.12
2025-10-27,USD,1388922186.33,1478363278.09,89441091.76,1.003607,1483695363.5
2025-10-28,USD,1478363278.09,1428420570.43,-49942707.66,0.987657,1410789000.69
2025-10-29,USD,1428420570.43,1499452309.26,71031738.83,0.981752,1472090391.0
2025-10-30,USD,1499452309.26,1450145441.45,-49306867.81,0.994951,1442823784.71
2025-10-31,USD,1450145441.45,1428397631.8,-21747809.65,1.004032,1434157454.21
2025-11-01,USD,1428397631.8,1446033523.84,17635892.04,0.984804,1424059995.13
2025-11-02,USD,1446033523.84,1478045935.96,32012412.12,0.975224,1441426375.11
2025-11-03,USD,1478045935.96,1416381270.13,-61664665.83,0.953607,1350670969.55
2025-11-04,USD,1416381270.13,1358612092.29,-57769177.83,0.950199,1290952210.68
2025-11-05,USD,1358612092.29,1362578831.03,3966738.74,0.951631,1296672475.46
2025-11-06,USD,1362578831.03,1406731359.6,44152528.57,0.935443,1315916873.95
2025-11-07,USD,1406731359.6,1302676974.27,-104054385.33,0.95866,1248823954.4
2025-11-08,USD,1302676974.27,1299823958.08,-2853016.19,0.963783,1252747862.18
2025-11-09,USD,1299823958.08,1227868283.18,-71955674.9,0.970354,1191467293.02
2025-11-10,USD,1227868283.18,1280289052.07,52420768.89,0.951826,1218612781.85
2025-11-11,USD,1280289052.07,1304696371.39,24407319.33,0.956301,1247682296.51
2025-11-12,USD,1304696371.39,1180004798.6,-124691572.79,0.958045,1130498206.35
2025-11-13,USD,1180004798.6,1147380700.06,-32624098.55,0.962459,1104307133.15
2025-11-14,USD,1147380700.06,1182310777.74,34930077.69,0.96697,1143259611.68
2025-11-15,USD,1182310777.74,1166978640.14,-15332137.6,0.962784,1123547831.79
2025-11-16,USD,1166978640.14,1177561612.01,10582971.87,0.960294,1130805126.36
2025-11-17,USD,1177561612.01,1103624756.19,-73936855.83,0.962158,1061860889.17
2025-11-18,USD,1103624756.19,1094499972.81,-9124783.37,0.960386,1051142699.02
2025-11-19,USD,1094499972.81,1076649246.7,-17850726.11,0.958484,1031951439.01
2025-11-20,USD,1076649246.7,1044106822.21,-32542424.49,0.966697,1009334664.62
2025-11-21,USD,1044106822.21,1022304067.85,-21802754.36,0.96747,989048764.36
2025-11-22,USD,1022304067.85,986944799.25,-35359268.61,0.95688,944387489.5
2025-11-23,USD,986944799.25,981253910.23,-5690889.02,0.963353,945293986.83
2025-11-24,USD,981253910.23,1033092141.32,51838231.09,0.970244,1002351098.42
2025-11-25,USD,1033092141.32,985867296.2,-47224845.12,0.970782,957062314.79
2025-11-26,USD,985867296.2,981672205.33,-4195090.86,0.977844,959922101.55
2025-11-27,USD,981672205.33,1007124075.37,25451870.04,0.971728,978651071.9
2025-11-28,USD,1007124075.37,1024508972.32,17384896.95,0.97728,1001232019.38
2025-11-29,USD,1024508972.32,1040947064.3,16438091.97,0.976923,1016924630.5
2025-11-30,USD,1040947064.3,1008100625.1,-32846439.2,0.972996,980877601.85
2025-12-01,USD,1008100625.1,1116317318.73,108216693.63,0.961474,1073309642.87
2025-12-02,USD,1116317318.73,1210416675.21,94099356.47,0.979497,1185599224.05
2025-12-03,USD,1210416675.21,1145395457.81,-65021217.4,0.973401,1114929270.77
2025-12-04,USD,1145395457.81,1130007739.92,-15387717.89,0.967409,1093180004.31
2025-12-05,USD,1130007739.92,1099717028.57,-30290711.35,0.974151,1071289952.85
2025-12-06,USD,1099717028.57,1112505294.18,12788265.6,0.979509,1089708513.9
2025-12-07,USD,1112505294.18,1104817246.35,-7688047.83,0.977321,1079760892.36
2025-12-08,USD,1104817246.35,1067369830.3,-37447416.04,0.982005,1048162306.73
2025-12-09,USD,1067369830.3,1118321461.68,50951631.38,0.970737,1085595607.34
2025-12-10,USD,1118321461.68,1157597457.07,39275995.38,0.973401,1126806991.81
2025-12-11,USD,1157597457.07,1099763953.57,-57833503.5,0.959357,1055065817.49
2025-12-12,USD,1099763953.57,1085933929.54,-13830024.03,0.954398,1036413358.84
2025-12-13,USD,1085933929.54,1138068496.91,52134567.37,0.950662,1081918332.68
2025-12-14,USD,1138068496.91,1110970977.92,-27097518.98,0.946459,1051488050.22
2025-12-15,USD,1110970977.92,1099216564.38,-11754413.55,0.949102,1043268589.81
2025-12-16,USD,1099216564.38,1152503744.47,53287180.09,0.937398,1080354608.95
2025-12-17,USD,1152503744.47,1172323505.03,19819760.56,0.924854,1084228356.03
2025-12-18,USD,1172323505.03,1224608816.75,52285311.72,0.910473,1114973664.45
2025-12-19,USD,1224608816.75,1285810446.97,61201630.22,0.919064,1181741646.21
2025-12-20,USD,1285810446.97,1246579635.82,-39230811.15,0.914154,1139566236.7
2025-12-21,USD,1246579635.82,1151784587.41,-94795048.42,0.898056,1034367028.75
2025-12-22,USD,1151784587.41,1136810812.64,-14973774.77,0.899775,1022874378.26
2025-12-23,USD,1136810812.64,1188812778.46,52001965.82,0.897239,1066649185.29
2025-12-24,USD,1188812778.46,1182067020.44,-6745758.02,0.88596,1047264041.61
2025-12-25,USD,1182067020.44,1174718665.17,-7348355.27,0.886819,1041763096.84
2025-12-26,USD,1174718665.17,1204089197.22,29370532.05,0.886402,1067307628.46
2025-12-27,USD,1204089197.22,1251044838.86,46955641.63,0.886592,1109166119.47
2025-12-28,USD,1251044838.86,1244284048.55,-6760790.31,0.893681,1111993036.0
2025-12-29,USD,1244284048.55,1284623055.85,40339007.3,0.890802,1144344811.88
2025-12-30,USD,1284623055.85,1374687554.95,90064499.09,0.893136,1227783604.65
2025-12-31,USD,1374687554.95,1380357484.81,5669929.87,0.890333,1228977391.98
2026-01-01,USD,1380357484.81,1402741316.92,22383832.11,0.898092,1259790337.68
2026-01-02,USD,1402741316.92,1407410570.81,4669253.89,0.900047,1266735710.17
2026-01-03,USD,1407410570.81,1351514173.55,-55896397.26,0.89251,1206240189.81
2026-01-04,USD,1351514173.55,1312935907.89,-38578265.66,0.894716,1174704534.17
2026-01-05,USD,1312935907.89,1256344722.69,-56591185.19,0.876722,1101465042.91
2026-01-06,USD,1256344722.69,1186474419.3,-69870303.39,0.881393,1045749911.59
2026-01-07,USD,1186474419.3,1270273485.63,83799066.33,0.889757,1130234351.66
2026-01-08,USD,1270273485.63,1216181009.33,-54092476.3,0.882132,1072831891.32
2026-01-09,USD,1216181009.33,1184688257.44,-31492751.89,0.868476,1028873363.87
2026-01-10,USD,1184688257.44,1174531597.41,-10156660.03,0.872431,1024698122.37
2026-01-11,USD,1174531597.41,1125277243.04,-49254354.37,0.861984,969971110.2
2026-01-12,USD,1125277243.04,1164202926.31,38925683.27,0.854168,994424933.01
2026-01-13,USD,1164202926.31,1124613989.91,-39588936.41,0.833706,937597597.85
2026-01-14,USD,1124613989.91,1170565391.95,45951402.04,0.844677,988749445.67
2026-01-15,USD,1170565391.95,1154216936.45,-16348455.5,0.844124,974301860.07
2026-01-16,USD,1154216936.45,1178177620.4,23960683.95,0.849695,1001091046.67
2026-01-17,USD,1178177620.4,1174151520.97,-4026099.43,0.844707,991814005.72
2026-01-18,USD,1174151520.97,1166143092.47,-8008428.5,0.841434,981231898.37
2026-01-19,USD,1166143092.47,1177980180.7,11837088.23,0.83232,980456502.64
2026-01-20,USD,1177980180.7,1236326883.34,58346702.64,0.848725,1049301751.66
2026-01-21,USD,1236326883.34,1200146394.74,-36180488.61,0.842066,1010602726.34
2026-01-22,USD,1200146394.74,1157574673.74,-42571720.99,0.838065,970123089.08
2026-01-23,USD,1157574673.74,1244732279.61,87157605.87,0.83324,1037160549.69
2026-01-24,USD,1244732279.61,1251129452.41,6397172.79,0.829331,1037599835.79
2026-01-25,USD,1251129452.41,1148549141.76,-102580310.65,0.82472,947231754.22
2026-01-26,USD,1148549141.76,1146179538.95,-2369602.8,0.837266,959656958.7
2026-01-27,USD,1146179538.95,1058678247.54,-87501291.42,0.84517,894763459.91
2026-01-28,USD,1058678247.54,1069950995.65,11272748.12,0.844309,903369514.88
2026-01-29,USD,1069950995.65,1017656663.38,-52294332.28,0.854657,869747536.17
2026-01-30,USD,1017656663.38,1034214686.2,16558022.82,0.854244,883471968.67
2026-01-31,USD,1034214686.2,1028846012.94,-5368673.26,0.862151,887020436.04
2026-02-01,USD,1028846012.94,985698748.05,-43147264.89,0.874419,861913408.11
2026-02-02,USD,985698748.05,1095181820.0,109483071.95,0.871701,954671085.28
2026-02-03,USD,1095181820.0,1159621077.8,64439257.8,0.866549,1004868638.73
2026-02-04,USD,1159621077.8,1102652838.38,-56968239.42,0.861449,949878712.58
2026-02-05,USD,1102652838.38,1122891268.25,20238429.87,0.859325,964928757.49
2026-02-06,USD,1122891268.25,1142750779.93,19859511.68,0.861502,984482315.29
2026-02-07,USD,1142750779.93,1120993678.8,-21757101.13,0.850871,953820964.28
2026-02-08,USD,1120993678.8,1119026608.88,-1967069.92,0.839101,938976199.1
2026-02-09,USD,1119026608.88,1122132305.51,3105696.62,0.841846,944663120.27
2026-02-10,USD,1122132305.51,1005301470.75,-116830834.75,0.852465,856984699.6
2026-02-11,USD,1005301470.75,988020419.16,-17281051.6,0.856755,846491326.59
2026-02-12,USD,988020419.16,955058996.21,-32961422.94,0.853206,814862467.4
2026-02-13,USD,955058996.21,735046275.43,-220012720.79,0.841607,618620450.32
2026-02-14,USD,735046275.43,709214374.3,-25831901.13,0.841986,597148655.75
2026-02-15,USD,709214374.3,585482506.98,-123731867.32,0.834125,488365366.28
2026-02-16,USD,585482506.98,625889509.46,40407002.48,0.823386,515348575.69
2026-02-17,USD,625889509.46,633524027.61,7634518.16,0.826144,523382064.65
2026-02-18,USD,633524027.61,658624264.42,25100236.81,0.817378,538345232.29
2026-02-19,USD,658624264.42,666469639.07,7845374.65,0.80777,538354405.17
2026-02-20,USD,666469639.07,651491182.88,-14978456.19,0.814757,530806889.12
2026-02-21,USD,651491182.88,608852491.1,-42638691.78,0.81907,498692883.18
2026-02-22,USD,608852491.1,604903999.47,-3948491.63,0.825272,499210146.41
2025-10-26,EUR,1353036200.06,1286410638.12,-66625561.95,1.080256,1389652332.0
2025-10-27,EUR,1286410638.12,1264502731.94,-21907906.18,1.055464,1334636633.83
2025-10-28,EUR,1264502731.94,1268647216.21,4144484.27,1.056375,1340167325.53
2025-10-29,EUR,1268647216.21,1229874594.84,-38772621.37,1.052922,1294962281.49
2025-10-30,EUR,1229874594.84,1222339020.32,-7535574.51,1.052761,1286830546.38
2025-10-31,EUR,1222339020.32,1199267534.21,-23071486.11,1.048681,1257649019.09
2025-11-01,EUR,1199267534.21,1210169508.67,10901974.46,1.036898,1254822486.6
2025-11-02,EUR,1210169508.67,1186321498.68,-23848009.99,1.047822,1243053593.63
2025-11-03,EUR,1186321498.68,1143304980.96,-43016517.72,1.037235,1185875705.31
2025-11-04,EUR,1143304980.96,1085711536.53,-57593444.43,1.028549,1116707956.91
2025-11-05,EUR,1085711536.53,1123989974.16,38278437.63,1.037018,1165597494.28
2025-11-06,EUR,1123989974.16,1162909213.11,38919238.95,1.041738,1211446417.31
2025-11-07,EUR,1162909213.11,1180871866.57,17962653.45,1.051003,1241100261.24
2025-11-08,EUR,1180871866.57,1157579636.18,-23292230.38,1.059434,1226379693.5
2025-11-09,EUR,1157579636.18,1221019310.3,63439674.11,1.042534,1272953653.27
2025-11-10,EUR,1221019310.3,1205657911.02,-15361399.27,1.038816,1252456715.52
2025-11-11,EUR,1205657911.02,1204380612.42,-1277298.6,1.043431,1256687861.7
2025-11-12,EUR,1204380612.42,1308622107.42,104241494.99,1.029272,1346927879.9
2025-11-13,EUR,1308622107.42,1246966051.15,-61656056.26,1.038009,1294362032.01
2025-11-14,EUR,1246966051.15,1267794106.82,20828055.67,1.033515,1310284596.67
2025-11-15,EUR,1267794106.82,1250275130.33,-17518976.5,1.032369,1290745100.69
2025-11-16,EUR,1250275130.33,1271942742.36,21667612.04,1.039192,1321792140.38
2025-11-17,EUR,1271942742.36,1316560119.03,44617376.67,1.052722,1385971354.27
2025-11-18,EUR,1316560119.03,1363320276.14,46760157.11,1.05054,1432222244.75
2025-11-19,EUR,1363320276.14,1295086869.44,-68233406.7,1.042225,1349771888.75
2025-11-20,EUR,1295086869.44,1194071140.38,-101015729.06,1.065132,1271843404.27
2025-11-21,EUR,1194071140.38,1257029541.09,62958400.71,1.05968,1332048451.97
2025-11-22,EUR,1257029541.09,1288149736.89,31120195.8,1.058142,1363044806.57
2025-11-23,EUR,1288149736.89,1325929103.66,37779366.77,1.064171,1411015325.47
2025-11-24,EUR,1325929103.66,1319815341.02,-6113762.64,1.065841,1406713898.53
2025-11-25,EUR,1319815341.02,1292332255.89,-27483085.13,1.071617,1384884763.66
2025-11-26,EUR,1292332255.89,1199614920.11,-92717335.77,1.076684,1291606677.59
2025-11-27,EUR,1199614920.11,1125598736.7,-74016183.41,1.076556,1211770338.22
2025-11-28,EUR,1125598736.7,1130319828.36,4721091.66,1.079382,1220046799.48
2025-11-29,EUR,1130319828.36,1089156731.74,-41163096.63,1.070973,1166457205.74
2025-11-30,EUR,1089156731.74,1111595719.16,22438987.42,1.065039,1183892249.23
2025-12-01,EUR,1111595719.16,1160113780.24,48518061.08,1.064504,1234946334.32
2025-12-02,EUR,1160113780.24,1160082111.98,-31668.27,1.06349,1233735703.81
2025-12-03,EUR,1160082111.98,1178785872.24,18703760.27,1.063384,1253501509.17
2025-12-04,EUR,1178785872.24,1193961171.88,15175299.63,1.081929,1291781003.23
2025-12-05,EUR,1193961171.88,1279015350.38,85054178.5,1.089435,1393403929.53
2025-12-06,EUR,1279015350.38,1179855200.26,-99160150.12,1.081087,1275525922.43
2025-12-07,EUR,1179855200.26,1186159564.5,6304364.25,1.074881,1274980854.35
2025-12-08,EUR,1186159564.5,1205222293.04,19062728.53,1.075078,1295708020.73
2025-12-09,EUR,1205222293.04,1200844136.83,-4378156.2,1.073019,1288528387.27
2025-12-10,EUR,1200844136.83,1137769360.59,-63074776.25,1.070616,1218113555.87
2025-12-11,EUR,1137769360.59,1195512884.87,57743524.28,1.072414,1282085345.72
2025-12-12,EUR,1195512884.87,1241089842.51,45576957.64,1.075322,1334571094.75
2025-12-13,EUR,1241089842.51,1270551106.6,29461264.09,1.087659,1381926607.93
2025-12-14,EUR,1270551106.6,1235350262.14,-35200844.46,1.099544,1358321963.67
2025-12-15,EUR,1235350262.14,1115445907.2,-119904354.94,1.096293,1222855415.37
2025-12-16,EUR,1115445907.2,1226509804.41,111063897.22,1.095766,1343967465.17
2025-12-17,EUR,1226509804.41,1284239594.48,57729790.07,1.099449,1411955453.89
2025-12-18,EUR,1284239594.48,1307487417.4,23247822.92,1.086802,1420979355.06
2025-12-19,EUR,1307487417.4,1302854573.84,-4632843.56,1.077882,1404324018.91
2025-12-20,EUR,1302854573.84,1354813580.47,51959006.63,1.091588,1478898587.81
2025-12-21,EUR,1354813580.47,1334808397.53,-20005182.95,1.088597,1453067963.48
2025-12-22,EUR,1334808397.53,1395858600.83,61050203.3,1.071199,1495241992.52
2025-12-23,EUR,1395858600.83,1453713439.83,57854839.0,1.071334,1557411935.02
2025-12-24,EUR,1453713439.83,1461099973.45,7386533.62,1.071831,1566052561.55
2025-12-25,EUR,1461099973.45,1550190617.57,89090644.12,1.071115,1660431743.24
2025-12-26,EUR,1550190617.57,1485961820.96,-64228796.61,1.070703,1591023282.16
2025-12-27,EUR,1485961820.96,1477543149.23,-8418671.73,1.067901,1577870417.48
2025-12-28,EUR,1477543149.23,1537489202.41,59946053.17,1.070913,1646516783.43
2025-12-29,EUR,1537489202.41,1571654905.57,34165703.17,1.033721,1624652059.39
2025-12-30,EUR,1571654905.57,1564634260.93,-7020644.64,1.030682,1612640863.03
2025-12-31,EUR,1564634260.93,1635837044.15,71202783.21,1.044382,1708438558.28
2026-01-01,EUR,1635837044.15,1688233965.07,52396920.92,1.042241,1759546621.99
2026-01-02,EUR,1688233965.07,1641891178.09,-46342786.98,1.03756,1703561352.8
2026-01-03,EUR,1641891178.09,1637358077.15,-4533100.94,1.039815,1702549031.58
2026-01-04,EUR,1637358077.15,1647574205.24,10216128.08,1.040526,1714343138.43
2026-01-05,EUR,1647574205.24,1648155358.93,581153.7,1.051126,1732418867.88
2026-01-06,EUR,1648155358.93,1659809793.66,11654434.73,1.046479,1736955357.31
2026-01-07,EUR,1659809793.66,1677247318.15,17437524.49,1.05477,1769110331.78
2026-01-08,EUR,1677247318.15,1777381857.99,100134539.84,1.049819,1865929603.85
2026-01-09,EUR,1777381857.99,1737854500.26,-39527357.73,1.05314,1830203470.93
2026-01-10,EUR,1737854500.26,1694503142.4,-43351357.86,1.055932,1789280705.33
2026-01-11,EUR,1694503142.4,1772400824.63,77897682.24,1.046508,1854830968.29
2026-01-12,EUR,1772400824.63,1760919406.53,-11481418.1,1.047574,1844693686.15
2026-01-13,EUR,1760919406.53,1792094548.5,31175141.97,1.039938,1863667418.44
2026-01-14,EUR,1792094548.5,1872443655.44,80349106.94,1.047121,1960674927.29
2026-01-15,EUR,1872443655.44,1890134221.85,17690566.41,1.042847,1971120218.29
2026-01-16,EUR,1890134221.85,1798834109.71,-91300112.14,1.035856,1863333327.2
2026-01-17,EUR,1798834109.71,1805580038.83,6745929.11,1.046423,1889399996.62
2026-01-18,EUR,1805580038.83,1858970945.83,53390907.01,1.052332,1956253778.56
2026-01-19,EUR,1858970945.83,1831285576.76,-27685369.08,1.084861,1986691115.5
2026-01-20,EUR,1831285576.76,1810587614.9,-20697961.86,1.099968,1991588650.5
2026-01-21,EUR,1810587614.9,1821062129.75,10474514.86,1.092533,1989570195.74
2026-01-22,EUR,1821062129.75,1825775307.92,4713178.17,1.087719,1985931085.62
2026-01-23,EUR,1825775307.92,1728934277.06,-96841030.86,1.088879,1882600754.15
2026-01-24,EUR,1728934277.06,1699212841.6,-29721435.46,1.06663,1812431449.29
2026-01-25,EUR,1699212841.6,1562886308.94,-136326532.66,1.063271,1661771271.36
2026-01-26,EUR,1562886308.94,1482676052.49,-80210256.45,1.052823,1560995472.55
2026-01-27,EUR,1482676052.49,1428767700.69,-53908351.79,1.071294,1530629862.52
2026-01-28,EUR,1428767700.69,1460734621.67,31966920.98,1.068193,1560345803.81
2026-01-29,EUR,1460734621.67,1444430036.0,-16304585.67,1.065068,1538416424.23
2026-01-30,EUR,1444430036.0,1425506754.22,-18923281.78,1.06797,1522398212.7
2026-01-31,EUR,1425506754.22,1383020931.73,-42485822.5,1.054052,1457776658.2
2026-02-01,EUR,1383020931.73,1432881458.05,49860526.32,1.044473,1496605560.41
2026-02-02,EUR,1432881458.05,1463728726.83,30847268.78,1.0342,1513787745.99
2026-02-03,EUR,1463728726.83,1501483229.02,37754502.19,1.029641,1545988045.63
2026-02-04,EUR,1501483229.02,1482742137.05,-18741091.97,1.036202,1536420196.62
2026-02-05,EUR,1482742137.05,1545206596.51,62464459.46,1.04022,1607354752.81
2026-02-06,EUR,1545206596.51,1551252086.71,6045490.2,1.032388,1601494104.38
2026-02-07,EUR,1551252086.71,1548710542.6,-2541544.11,1.034211,1601693360.99
2026-02-08,EUR,1548710542.6,1591393706.04,42683163.44,1.041014,1656662401.23
2026-02-09,EUR,1591393706.04,1615554769.47,24161063.43,1.02619,1657866072.72
2026-02-10,EUR,1615554769.47,1687831881.44,72277111.97,1.01808,1718347073.24
2026-02-11,EUR,1687831881.44,1672071259.19,-15760622.26,1.014592,1696470617.11
2026-02-12,EUR,1672071259.19,1652450780.12,-19620479.07,1.008217,1666029420.34
2026-02-13,EUR,1652450780.12,1380603346.74,-271847433.38,1.001728,1382989213.73
2026-02-14,EUR,1380603346.74,1291022042.24,-89581304.5,1.013863,1308918979.09
2026-02-15,EUR,1291022042.24,1320387171.03,29365128.79,1.008072,1331045088.17
2026-02-16,EUR,1320387171.03,1269315658.9,-51071512.13,1.027652,1304414935.73
2026-02-17,EUR,1269315658.9,1257533666.07,-11781992.83,1.040265,1308168677.31
2026-02-18,EUR,1257533666.07,1238615376.36,-18918289.71,1.048489,1298674894.77
2026-02-19,EUR,1238615376.36,1127431320.92,-111184055.44,1.018352,1148122202.84
2026-02-20,EUR,1127431320.92,1189399966.96,61968646.04,1.02618,1220538772.77
2026-02-21,EUR,1189399966.96,1218694554.69,29294587.73,1.024032,1247982158.52
2026-02-22,EUR,1218694554.69,1332994314.59,114299759.9,1.010186,1346571709.47
2025-10-26,GBP,1390941296.12,1409576339.72,18635043.59,1.259092,1774785821.35
2025-10-27,GBP,1409576339.72,1476913459.23,67337119.51,1.24705,1841785244.31
2025-10-28,GBP,1476913459.23,1411632967.43,-65280491.8,1.272163,1795827217.8
2025-10-29,GBP,1411632967.43,1349067036.95,-62565930.48,1.30102,1755163023.68
2025-10-30,GBP,1349067036.95,1314328630.66,-34738406.28,1.289273,1694527902.88
2025-10-31,GBP,1314328630.66,1354011996.73,39683366.07,1.26857,1717659020.17
2025-11-01,GBP,1354011996.73,1482594678.22,128582681.49,1.292978,1916962225.59
2025-11-02,GBP,1482594678.22,1559594171.86,76999493.64,1.273254,1985759690.19
2025-11-03,GBP,1559594171.86,1624338674.61,64744502.75,1.288398,2092794538.06
2025-11-04,GBP,1624338674.61,1632649787.91,8311113.3,1.299236,2121197773.51
2025-11-05,GBP,1632649787.91,1663523133.97,30873346.06,1.283498,2135128961.7
2025-11-06,GBP,1663523133.97,1641674975.93,-21848158.04,1.279628,2100733349.02
2025-11-07,GBP,1641674975.93,1565825660.34,-75849315.59,1.289272,2018774894.82
2025-11-08,GBP,1565825660.34,1622298137.5,56472477.16,1.295111,2101056398.32
2025-11-09,GBP,1622298137.5,1715980795.15,93682657.65,1.299622,2230126937.52
2025-11-10,GBP,1715980795.15,1717022797.6,1042002.45,1.292447,2219160198.69
2025-11-11,GBP,1717022797.6,1730837532.34,13814734.73,1.257613,2176723999.3
2025-11-12,GBP,1730837532.34,1819007672.91,88170140.58,1.262546,2296581280.07
2025-11-13,GBP,1819007672.91,1875689646.34,56681973.43,1.277018,2395289776.66
2025-11-14,GBP,1875689646.34,1912511793.66,36822147.32,1.263978,2417373179.0
2025-11-15,GBP,1912511793.66,1744485575.5,-168026218.16,1.29157,2253124955.26
2025-11-16,GBP,1744485575.5,1745395327.63,909752.12,1.287204,2246679700.5
2025-11-17,GBP,1745395327.63,1732206998.88,-13188328.74,1.281262,2219410538.95
2025-11-18,GBP,1732206998.88,1731446277.16,-760721.72,1.280299,2216768854.57
2025-11-19,GBP,1731446277.16,1737288742.14,5842464.97,1.277188,2218844453.92
2025-11-20,GBP,1737288742.14,1781723109.42,44434367.29,1.286467,2292128594.66
2025-11-21,GBP,1781723109.42,1754997617.85,-26725491.57,1.288964,2262128004.87
2025-11-22,GBP,1754997617.85,1696784879.21,-58212738.65,1.297003,2200734468.98
2025-11-23,GBP,1696784879.21,1781266561.0,84481681.79,1.308462,2330718727.88
2025-11-24,GBP,1781266561.0,1777188160.15,-4078400.86,1.295817,2302909843.83
2025-11-25,GBP,1777188160.15,1811422142.57,34233982.42,1.288115,2333320326.78
2025-11-26,GBP,1811422142.57,1812855242.27,1433099.7,1.297991,2353070294.88
2025-11-27,GBP,1812855242.27,1772712662.87,-40142579.41,1.29935,2303375069.18
2025-11-28,GBP,1772712662.87,1720817113.12,-51895549.75,1.295146,2228709114.84
2025-11-29,GBP,1720817113.12,1698467670.31,-22349442.81,1.311021,2226727148.0
2025-11-30,GBP,1698467670.31,1709319492.58,10851822.28,1.302347,2226126280.18
2025-12-01,GBP,1709319492.58,1688837546.6,-20481945.99,1.315727,2222048392.99
2025-12-02,GBP,1688837546.6,1610837521.61,-78000024.98,1.305164,2102406374.8
2025-12-03,GBP,1610837521.61,1558910043.97,-51927477.64,1.307465,2038220339.81
2025-12-04,GBP,1558910043.97,1565665764.49,6755720.52,1.305632,2044183329.24
2025-12-05,GBP,1565665764.49,1562172921.94,-3492842.55,1.28823,2012438160.79
2025-12-06,GBP,1562172921.94,1515876786.46,-46296135.48,1.295863,1964367960.86
2025-12-07,GBP,1515876786.46,1443272239.6,-72604546.86,1.292515,1865451471.63
2025-12-08,GBP,1443272239.6,1491612889.58,48340649.99,1.295365,1932182570.04
2025-12-09,GBP,1491612889.58,1457816751.69,-33796137.89,1.304759,1902099328.53
2025-12-10,GBP,1457816751.69,1422042390.88,-35774360.81,1.305556,1856555834.35
2025-12-11,GBP,1422042390.88,1383486329.83,-38556061.05,1.286232,1779483714.37
2025-12-12,GBP,1383486329.83,1377757999.59,-5728330.24,1.30184,1793620986.35
2025-12-13,GBP,1377757999.59,1435016245.76,57258246.17,1.311461,1881967442.06
2025-12-14,GBP,1435016245.76,1471059800.34,36043554.58,1.321466,1943955981.84
2025-12-15,GBP,1471059800.34,1461089040.24,-9970760.1,1.30505,1906793923.38
2025-12-16,GBP,1461089040.24,1469540077.04,8451036.8,1.31734,1935884396.26
2025-12-17,GBP,1469540077.04,1512768776.54,43228699.51,1.320453,1997540264.6
2025-12-18,GBP,1512768776.54,1529772768.63,17003992.09,1.301991,1991749782.43
2025-12-19,GBP,1529772768.63,1607783924.87,78011156.24,1.300511,2090941455.61
2025-12-20,GBP,1607783924.87,1502407996.91,-105375927.97,1.298732,1951225735.73
2025-12-21,GBP,1502407996.91,1506402006.34,3994009.43,1.305704,1966915750.48
2025-12-22,GBP,1506402006.34,1502786696.07,-3615310.27,1.298168,1950870338.83
2025-12-23,GBP,1502786696.07,1476311823.56,-26474872.51,1.298191,1916535399.15
2025-12-24,GBP,1476311823.56,1467176522.73,-9135300.83,1.324067,1942640222.01
2025-12-25,GBP,1467176522.73,1450815543.09,-16360979.63,1.313887,1906207085.31
2025-12-26,GBP,1450815543.09,1505092983.54,54277440.45,1.313913,1977561340.32
2025-12-27,GBP,1505092983.54,1550628541.15,45535557.61,1.312767,2035614573.4
2025-12-28,GBP,1550628541.15,1586468848.24,35840307.09,1.329341,2108958806.39
2025-12-29,GBP,1586468848.24,1657806153.92,71337305.69,1.339464,2220571781.8
2025-12-30,GBP,1657806153.92,1554041709.68,-103764444.24,1.319191,2050077317.63
2025-12-31,GBP,1554041709.68,1569119248.38,15077538.7,1.299951,2039777993.9
2026-01-01,GBP,1569119248.38,1514887841.24,-54231407.14,1.311639,1986986548.78
2026-01-02,GBP,1514887841.24,1481692220.62,-33195620.62,1.304184,1932399060.35
2026-01-03,GBP,1481692220.62,1461924523.53,-19767697.09,1.320009,1929752925.33
2026-01-04,GBP,1461924523.53,1525056215.82,63131692.29,1.350856,2060131058.25
2026-01-05,GBP,1525056215.82,1567862577.86,42806362.04,1.37217,2151374030.93
2026-01-06,GBP,1567862577.86,1532627926.77,-35234651.09,1.352843,2073404395.8
2026-01-07,GBP,1532627926.77,1562905306.8,30277380.03,1.350245,2110304796.9
2026-01-08,GBP,1562905306.8,1646325109.77,83419802.97,1.345069,2214420074.07
2026-01-09,GBP,1646325109.77,1615692893.97,-30632215.8,1.341087,2166784603.26
2026-01-10,GBP,1615692893.97,1613581128.97,-2111765.0,1.341523,2164655986.2
2026-01-11,GBP,1613581128.97,1621098636.74,7517507.77,1.359589,2204028553.63
2026-01-12,GBP,1621098636.74,1563530554.85,-57568081.89,1.371623,2144574134.16
2026-01-13,GBP,1563530554.85,1598492693.68,34962138.83,1.375995,2199518060.68
2026-01-14,GBP,1598492693.68,1620922192.32,22429498.64,1.369829,2220385524.53
2026-01-15,GBP,1620922192.32,1551305056.78,-69617135.53,1.375065,2133144966.12
2026-01-16,GBP,1551305056.78,1527498125.08,-23806931.71,1.38305,2112607042.78
2026-01-17,GBP,1527498125.08,1511509383.16,-15988741.92,1.394861,2108345032.35
2026-01-18,GBP,1511509383.16,1564541047.48,53031664.32,1.40774,2202466971.08
2026-01-19,GBP,1564541047.48,1627191342.31,62650294.83,1.407548,2290350481.59
2026-01-20,GBP,1627191342.31,1677248183.42,50056841.12,1.402347,2352083218.0
2026-01-21,GBP,1677248183.42,1650003404.44,-27244778.98,1.40351,2315796811.51
2026-01-22,GBP,1650003404.44,1715613299.64,65609895.2,1.400666,2403001760.66
2026-01-23,GBP,1715613299.64,1760786994.6,45173694.95,1.386647,2441590253.07
2026-01-24,GBP,1760786994.6,1667040161.51,-93746833.09,1.379936,2300408064.87
2026-01-25,GBP,1667040161.51,1664474909.57,-2565251.94,1.393678,2319742070.91
2026-01-26,GBP,1664474909.57,1652922045.91,-11552863.66,1.416184,2340841383.19
2026-01-27,GBP,1652922045.91,1677998095.61,25076049.7,1.412887,2370822216.72
2026-01-28,GBP,1677998095.61,1689649868.69,11651773.08,1.397987,2362108176.96
2026-01-29,GBP,1689649868.69,1678330349.5,-11319519.19,1.395492,2342096352.33
2026-01-30,GBP,1678330349.5,1687993221.71,9662872.22,1.391411,2348692494.8
2026-01-31,GBP,1687993221.71,1711305061.73,23311840.02,1.369043,2342850385.84
2026-02-01,GBP,1711305061.73,1766540248.87,55235187.14,1.368743,2417939227.43
2026-02-02,GBP,1766540248.87,1804723475.7,38183226.83,1.382995,2495923142.79
2026-02-03,GBP,1804723475.7,1813952677.1,9229201.4,1.394987,2530440612.06
2026-02-04,GBP,1813952677.1,1831926374.3,17973697.2,1.399419,2563633067.35
2026-02-05,GBP,1831926374.3,1807488907.56,-24437466.74,1.416325,2559992108.78
2026-02-06,GBP,1807488907.56,1812953629.45,5464721.89,1.436082,2603550552.39
2026-02-07,GBP,1812953629.45,1757153571.97,-55800057.48,1.427559,2508440037.84
2026-02-08,GBP,1757153571.97,1702033786.3,-55119785.67,1.443082,2456174749.03
2026-02-09,GBP,1702033786.3,1731885351.45,29851565.15,1.420894,2460825829.59
2026-02-10,GBP,1731885351.45,1689689383.85,-42195967.61,1.404784,2373647992.11
2026-02-11,GBP,1689689383.85,1741070077.58,51380693.74,1.421751,2475367919.95
2026-02-12,GBP,1741070077.58,1717645296.68,-23424780.9,1.392336,2391540132.89
2026-02-13,GBP,1717645296.68,1318603397.5,-399041899.18,1.410585,1860001783.86
2026-02-14,GBP,1318603397.5,1380373567.98,61770170.48,1.432559,1977466893.76
2026-02-15,GBP,1380373567.98,1374137427.18,-6236140.79,1.403097,1928047439.68
2026-02-16,GBP,1374137427.18,1398673391.6,24535964.41,1.396248,1952894858.86
2026-02-17,GBP,1398673391.6,1487229360.89,88555969.3,1.405825,2090784760.04
2026-02-18,GBP,1487229360.89,1497205809.83,9976448.94,1.400258,2096474010.87
2026-02-19,GBP,1497205809.83,1564338382.8,67132572.97,1.390234,2174797145.23
2026-02-20,GBP,1564338382.8,1495012932.14,-69325450.66,1.391361,2080102550.11
2026-02-21,GBP,1495012932.14,1549445362.49,54432430.35,1.414201,2191227502.61
2026-02-22,GBP,1549445362.49,1470695769.71,-78749592.79,1.432185,2106308790.45
2025-10-26,JPY,653509635.01,530111570.05,-123398064.96,0.006925,3671100.84
2025-10-27,JPY,530111570.05,530311115.94,199545.89,0.007057,3742567.7
2025-10-28,JPY,530311115.94,454368671.17,-75942444.77,0.007145,3246311.44
2025-10-29,JPY,454368671.17,445832218.28,-8536452.89,0.007197,3208621.56
2025-10-30,JPY,445832218.28,437835586.85,-7996631.43,0.007231,3166157.01
2025-10-31,JPY,437835586.85,398698259.18,-39137327.67,0.0071,2830820.56
2025-11-01,JPY,398698259.18,423470815.61,24772556.42,0.007185,3042432.4
2025-11-02,JPY,423470815.61,442042022.84,18571207.23,0.007288,3221701.59
2025-11-03,JPY,442042022.84,390268162.51,-51773860.33,0.007343,2865755.11
2025-11-04,JPY,390268162.51,375734517.67,-14533644.84,0.007492,2815023.06
2025-11-05,JPY,375734517.67,305036785.92,-70697731.75,0.00751,2290959.89
2025-11-06,JPY,305036785.92,278161231.95,-26875553.97,0.007435,2068222.85
2025-11-07,JPY,278161231.95,342090610.93,63929378.98,0.007315,2502552.36
2025-11-08,JPY,342090610.93,312011499.84,-30079111.09,0.0073,2277746.18
2025-11-09,JPY,312011499.84,289046794.08,-22964705.76,0.00733,2118621.83
2025-11-10,JPY,289046794.08,280937872.3,-8108921.78,0.007294,2049155.18
2025-11-11,JPY,280937872.3,329553625.64,48615753.34,0.007287,2401615.34
2025-11-12,JPY,329553625.64,355413946.02,25860320.38,0.007178,2551231.84
2025-11-13,JPY,355413946.02,324823994.47,-30589951.55,0.007152,2323222.85
2025-11-14,JPY,324823994.47,390544800.67,65720806.2,0.007204,2813530.63
2025-11-15,JPY,390544800.67,289990015.03,-100554785.64,0.007243,2100387.38
2025-11-16,JPY,289990015.03,387335230.03,97345215.01,0.007287,2822468.93
2025-11-17,JPY,387335230.03,334701104.97,-52634125.06,0.007271,2433567.53
2025-11-18,JPY,334701104.97,359900237.04,25199132.08,0.007211,2595238.64
2025-11-19,JPY,359900237.04,369199704.36,9299467.31,0.007306,2697326.45
2025-11-20,JPY,369199704.36,396218509.34,27018804.99,0.007267,2879235.24
2025-11-21,JPY,396218509.34,470174851.53,73956342.18,0.007188,3379650.63
2025-11-22,JPY,470174851.53,487183683.78,17008832.25,0.007074,3446228.17
2025-11-23,JPY,487183683.78,428744642.68,-58439041.1,0.007023,3011106.16
2025-11-24,JPY,428744642.68,460935257.05,32190614.37,0.007051,3250188.02
2025-11-25,JPY,460935257.05,452711967.32,-8223289.73,0.007125,3225375.3
2025-11-26,JPY,452711967.32,454894461.09,2182493.77,0.007188,3269925.11
2025-11-27,JPY,454894461.09,517601287.88,62706826.8,0.007137,3694288.67
2025-11-28,JPY,517601287.88,484819153.12,-32782134.76,0.007025,3406046.58
2025-11-29,JPY,484819153.12,482690326.73,-2128826.39,0.007127,3439913.94
2025-11-30,JPY,482690326.73,503723768.78,21033442.05,0.007153,3603200.61
2025-12-01,JPY,503723768.78,553977536.69,50253767.91,0.007265,4024896.74
2025-12-02,JPY,553977536.69,579845787.21,25868250.51,0.007316,4242411.09
2025-12-03,JPY,579845787.21,578275991.89,-1569795.31,0.007344,4247135.8
2025-12-04,JPY,578275991.89,627385512.27,49109520.37,0.007307,4584213.95
2025-12-05,JPY,627385512.27,625780268.56,-1605243.71,0.007262,4544722.42
2025-12-06,JPY,625780268.56,659912740.47,34132471.91,0.007254,4786790.91
2025-12-07,JPY,659912740.47,679046147.12,19133406.65,0.007111,4828807.86
2025-12-08,JPY,679046147.12,605148404.63,-73897742.48,0.007171,4339727.78
2025-12-09,JPY,605148404.63,563541223.15,-41607181.48,0.007101,4001667.28
2025-12-10,JPY,563541223.15,520098477.49,-43442745.66,0.007115,3700577.72
2025-12-11,JPY,520098477.49,496378852.17,-23719625.32,0.007084,3516213.67
2025-12-12,JPY,496378852.17,464406285.52,-31972566.65,0.007136,3313992.34
2025-12-13,JPY,464406285.52,443050953.79,-21355331.73,0.007113,3151382.14
2025-12-14,JPY,443050953.79,404340510.45,-38710443.34,0.007144,2888499.41
2025-12-15,JPY,404340510.45,492356527.19,88016016.75,0.007187,3538643.88
2025-12-16,JPY,492356527.19,522941693.12,30585165.93,0.007257,3795209.65
2025-12-17,JPY,522941693.12,501358334.6,-21583358.52,0.007246,3632648.72
2025-12-18,JPY,501358334.6,409088774.21,-92269560.39,0.007282,2979171.93
2025-12-19,JPY,409088774.21,408989877.27,-98896.94,0.007237,2959694.33
2025-12-20,JPY,408989877.27,417807441.63,8817564.36,0.007368,3078414.98
2025-12-21,JPY,417807441.63,419943881.21,2136439.59,0.007383,3100268.98
2025-12-22,JPY,419943881.21,510569827.02,90625945.81,0.007469,3813650.68
2025-12-23,JPY,510569827.02,555136011.41,44566184.4,0.007608,4223217.67
2025-12-24,JPY,555136011.41,511170691.77,-43965319.65,0.007764,3968641.1
2025-12-25,JPY,511170691.77,561323785.74,50153093.97,0.007861,4412577.67
2025-12-26,JPY,561323785.74,594652494.9,33328709.16,0.007798,4636844.08
2025-12-27,JPY,594652494.9,503575073.88,-91077421.02,0.007829,3942265.41
2025-12-28,JPY,503575073.88,473734182.35,-29840891.53,0.007773,3682310.44
2025-12-29,JPY,473734182.35,453156262.26,-20577920.09,0.007577,3433372.66
2025-12-30,JPY,453156262.26,402739465.08,-50416797.18,0.007463,3005617.87
2025-12-31,JPY,402739465.08,342126620.87,-60612844.21,0.007402,2532523.71
2026-01-01,JPY,342126620.87,334684281.45,-7442339.42,0.00744,2489986.23
2026-01-02,JPY,334684281.45,426480590.32,91796308.88,0.007339,3129733.31
2026-01-03,JPY,426480590.32,484889754.19,58409163.87,0.007311,3544853.89
2026-01-04,JPY,484889754.19,377957745.44,-106932008.75,0.00724,2736257.65
2026-01-05,JPY,377957745.44,414777612.24,36819866.8,0.007249,3006547.2
2026-01-06,JPY,414777612.24,318760469.71,-96017142.53,0.007274,2318596.71
2026-01-07,JPY,318760469.71,264059407.27,-54701062.44,0.007232,1909708.39
2026-01-08,JPY,264059407.27,248901146.11,-15158261.16,0.007238,1801557.35
2026-01-09,JPY,248901146.11,281512006.92,32610860.81,0.00726,2043860.65
2026-01-10,JPY,281512006.92,330763498.59,49251491.67,0.007292,2411914.74
2026-01-11,JPY,330763498.59,341522477.92,10758979.33,0.007264,2480886.38
2026-01-12,JPY,341522477.92,304436357.2,-37086120.72,0.007352,2238122.96
2026-01-13,JPY,304436357.2,275508269.98,-28928087.22,0.007481,2060985.49
2026-01-14,JPY,275508269.98,324006043.13,48497773.15,0.007561,2449951.27
2026-01-15,JPY,324006043.13,288081684.0,-35924359.13,0.007635,2199472.62
2026-01-16,JPY,288081684.0,383183559.68,95101875.68,0.007722,2959008.01
2026-01-17,JPY,383183559.68,493337137.45,110153577.77,0.007764,3830231.12
2026-01-18,JPY,493337137.45,562998315.02,69661177.57,0.00781,4397186.87
2026-01-19,JPY,562998315.02,493493557.66,-69504757.35,0.007904,3900723.98
2026-01-20,JPY,493493557.66,457730889.1,-35762668.56,0.007794,3567484.46
2026-01-21,JPY,457730889.1,441227853.41,-16503035.69,0.007827,3453320.5
2026-01-22,JPY,441227853.41,414168864.83,-27058988.58,0.007918,3279290.88
2026-01-23,JPY,414168864.83,370061103.32,-44107761.51,0.007951,2942371.66
2026-01-24,JPY,370061103.32,363680048.65,-6381054.67,0.007942,2888298.98
2026-01-25,JPY,363680048.65,387797654.67,24117606.02,0.008008,3105314.33
2026-01-26,JPY,387797654.67,402442190.05,14644535.38,0.008079,3251367.24
2026-01-27,JPY,402442190.05,423521154.25,21078964.2,0.008255,3496357.99
2026-01-28,JPY,423521154.25,325740257.27,-97780896.98,0.007958,2592275.24
2026-01-29,JPY,325740257.27,348209484.27,22469227.01,0.007846,2732112.74
2026-01-30,JPY,348209484.27,356572540.1,8363055.83,0.007865,2804344.33
2026-01-31,JPY,356572540.1,275645148.0,-80927392.1,0.0079,2177713.19
2026-02-01,JPY,275645148.0,307995031.61,32349883.61,0.00786,2420911.64
2026-02-02,JPY,307995031.61,375071256.26,67076224.65,0.007738,2902335.27
2026-02-03,JPY,375071256.26,360440648.36,-14630607.9,0.007804,2813012.71
2026-02-04,JPY,360440648.36,407253732.61,46813084.24,0.007854,3198396.73
2026-02-05,JPY,407253732.61,390792271.65,-16461460.96,0.007654,2991309.05
2026-02-06,JPY,390792271.65,350683506.89,-40108764.76,0.007702,2700883.46
2026-02-07,JPY,350683506.89,415709081.26,65025574.37,0.007788,3237611.63
2026-02-08,JPY,415709081.26,493885418.01,78176336.75,0.007944,3923633.47
2026-02-09,JPY,493885418.01,497238555.61,3353137.59,0.007964,3959937.19
2026-02-10,JPY,497238555.61,475990227.33,-21248328.27,0.007911,3765749.93
2026-02-11,JPY,475990227.33,431711944.08,-44278283.25,0.007858,3392302.34
2026-02-12,JPY,431711944.08,434915269.52,3203325.43,0.007946,3455801.24
2026-02-13,JPY,434915269.52,150841019.54,-284074249.98,0.007945,1198400.42
2026-02-14,JPY,150841019.54,147806456.14,-3034563.39,0.007901,1167750.25
2026-02-15,JPY,147806456.14,129899739.8,-17906716.34,0.007789,1011822.95
2026-02-16,JPY,129899739.8,120125911.5,-9773828.3,0.007775,933955.57
2026-02-17,JPY,120125911.5,90120082.48,-30005829.02,0.007746,698056.64
2026-02-18,JPY,90120082.48,165360054.53,75239972.05,0.007732,1278504.98
2026-02-19,JPY,165360054.53,72692517.88,-92667536.65,0.007774,565139.74
2026-02-20,JPY,72692517.88,131475029.68,58782511.79,0.007909,1039846.22
2026-02-21,JPY,131475029.68,43442544.86,-88032484.82,0.007996,347384.3
2026-02-22,JPY,43442544.86,50878213.6,7435668.74,0.008078,411012.24
2025-10-26,INR,1406555290.49,1331768812.99,-74786477.5,0.011955,15921131.15
2025-10-27,INR,1331768812.99,1362006255.8,30237442.81,0.011803,16076177.85
2025-10-28,INR,1362006255.8,1417149853.11,55143597.31,0.01178,16694263.63
2025-10-29,INR,1417149853.11,1367819238.43,-49330614.69,0.011759,16084784.63
2025-10-30,INR,1367819238.43,1340100586.55,-27718651.88,0.011557,15487681.94
2025-10-31,INR,1340100586.55,1338071700.96,-2028885.59,0.011509,15399506.86
2025-11-01,INR,1338071700.96,1343863325.74,5791624.77,0.011384,15299194.54
2025-11-02,INR,1343863325.74,1351925504.21,8062178.47,0.011659,15762611.97
2025-11-03,INR,1351925504.21,1289452972.24,-62472531.97,0.011667,15044011.9
2025-11-04,INR,1289452972.24,1305431142.88,15978170.64,0.011675,15240491.48
2025-11-05,INR,1305431142.88,1304192585.39,-1238557.49,0.011684,15237928.04
2025-11-06,INR,1304192585.39,1282710907.71,-21481677.68,0.01188,15238696.62
2025-11-07,INR,1282710907.71,1303388895.23,20677987.53,0.011806,15387851.91
2025-11-08,INR,1303388895.23,1363940271.45,60551376.21,0.011721,15986166.21
2025-11-09,INR,1363940271.45,1307200217.77,-56740053.68,0.011671,15256607.62
2025-11-10,INR,1307200217.77,1378927938.73,71727720.97,0.011541,15913878.81
2025-11-11,INR,1378927938.73,1364619576.03,-14308362.71,0.011473,15656741.44
2025-11-12,INR,1364619576.03,1407451114.1,42831538.07,0.01135,15974533.25
2025-11-13,INR,1407451114.1,1438971141.04,31520026.94,0.011199,16114422.15
2025-11-14,INR,1438971141.04,1493626541.92,54655400.89,0.011261,16819827.12
2025-11-15,INR,1493626541.92,1530313155.89,36686613.97,0.011281,17264021.03
2025-11-16,INR,1530313155.89,1477007340.7,-53305815.19,0.011371,16795152.46
2025-11-17,INR,1477007340.7,1506409421.1,29402080.41,0.011284,16998941.03
2025-11-18,INR,1506409421.1,1444522869.62,-61886551.48,0.011292,16311867.21
2025-11-19,INR,1444522869.62,1451930364.85,7407495.23,0.011375,16515297.13
2025-11-20,INR,1451930364.85,1420659935.09,-31270429.76,0.011419,16221865.43
2025-11-21,INR,1420659935.09,1469699373.78,49039438.7,0.011181,16432969.48
2025-11-22,INR,1469699373.78,1353240496.18,-116458877.6,0.011201,15157794.31
2025-11-23,INR,1353240496.18,1367490403.02,14249906.84,0.011131,15220915.35
2025-11-24,INR,1367490403.02,1293520396.03,-73970006.99,0.011333,14659931.66
2025-11-25,INR,1293520396.03,1296859201.56,3338805.54,0.011346,14714139.94
2025-11-26,INR,1296859201.56,1271920498.08,-24938703.48,0.011329,14409429.42
2025-11-27,INR,1271920498.08,1258236512.79,-13683985.3,0.011484,14450126.37
2025-11-28,INR,1258236512.79,1382367325.94,124130813.15,0.011394,15750416.9
2025-11-29,INR,1382367325.94,1436949465.6,54582139.66,0.011578,16636300.64
2025-11-30,INR,1436949465.6,1395557314.51,-41392151.09,0.011512,16066290.42
2025-12-01,INR,1395557314.51,1335783577.96,-59773736.54,0.011444,15286952.75
2025-12-02,INR,1335783577.96,1292422695.03,-43360882.94,0.011419,14758184.48
2025-12-03,INR,1292422695.03,1228635255.48,-63787439.54,0.011488,14114225.87
2025-12-04,INR,1228635255.48,1270749047.36,42113791.87,0.011438,14534861.41
2025-12-05,INR,1270749047.36,1217235190.33,-53513857.03,0.011461,13950963.94
2025-12-06,INR,1217235190.33,1230760090.72,13524900.4,0.01138,14005879.29
2025-12-07,INR,1230760090.72,1209891941.14,-20868149.59,0.011327,13704467.33
2025-12-08,INR,1209891941.14,1249583372.61,39691431.47,0.011349,14181907.96
2025-12-09,INR,1249583372.61,1158239473.92,-91343898.69,0.01162,13459178.67
2025-12-10,INR,1158239473.92,1136545453.5,-21694020.41,0.011708,13306622.03
2025-12-11,INR,1136545453.5,1139658406.49,3112952.98,0.011649,13276045.98
2025-12-12,INR,1139658406.49,1187444225.38,47785818.89,0.011859,14082480.78
2025-12-13,INR,1187444225.38,1131480030.51,-55964194.86,0.011767,13313674.18
2025-12-14,INR,1131480030.51,1208817656.31,77337625.8,0.01201,14517964.76
2025-12-15,INR,1208817656.31,1227516250.82,18698594.5,0.012172,14941488.72
2025-12-16,INR,1227516250.82,1203876474.11,-23639776.71,0.011969,14409482.38
2025-12-17,INR,1203876474.11,1200464564.18,-3411909.93,0.01214,14573992.41
2025-12-18,INR,1200464564.18,1164418059.48,-36046504.7,0.012337,14365468.26
2025-12-19,INR,1164418059.48,1226852745.78,62434686.29,0.012358,15162052.71
2025-12-20,INR,1226852745.78,1370461887.58,143609141.8,0.01234,16911055.23
2025-12-21,INR,1370461887.58,1305444523.52,-65017364.06,0.012299,16056055.16
2025-12-22,INR,1305444523.52,1324305143.12,18860619.6,0.012217,16179483.91
2025-12-23,INR,1324305143.12,1289989524.38,-34315618.74,0.012276,15836009.74
2025-12-24,INR,1289989524.38,1332713071.19,42723546.82,0.012313,16409091.59
2025-12-25,INR,1332713071.19,1330634669.15,-2078402.05,0.012242,16290193.06
2025-12-26,INR,1330634669.15,1294926362.93,-35708306.22,0.012211,15811869.91
2025-12-27,INR,1294926362.93,1232115431.34,-62810931.59,0.012138,14955334.66
2025-12-28,INR,1232115431.34,1247530269.72,15414838.39,0.011998,14967605.6
2025-12-29,INR,1247530269.72,1144150551.19,-103379718.53,0.011942,13663814.55
2025-12-30,INR,1144150551.19,1084290126.27,-59860424.92,0.011879,12880303.77
2025-12-31,INR,1084290126.27,1126700499.99,42410373.72,0.011979,13496586.15
2026-01-01,INR,1126700499.99,1123860423.08,-2840076.91,0.012048,13540374.73
2026-01-02,INR,1123860423.08,1222282137.97,98421714.89,0.012017,14688742.5
2026-01-03,INR,1222282137.97,1173806587.16,-48475550.81,0.012098,14200651.18
2026-01-04,INR,1173806587.16,1148620557.21,-25186029.95,0.011967,13745299.9
2026-01-05,INR,1148620557.21,1136183181.53,-12437375.67,0.012014,13650011.38
2026-01-06,INR,1136183181.53,1154324269.23,18141087.7,0.011848,13676001.67
2026-01-07,INR,1154324269.23,1175916076.51,21591807.28,0.011675,13728350.54
2026-01-08,INR,1175916076.51,1111342044.74,-64574031.77,0.011831,13148323.88
2026-01-09,INR,1111342044.74,1025290631.59,-86051413.15,0.011546,11838507.28
2026-01-10,INR,1025290631.59,1047237149.67,21946518.07,0.011477,12019335.38
2026-01-11,INR,1047237149.67,1027654778.33,-19582371.33,0.011648,11969872.56
2026-01-12,INR,1027654778.33,1080968122.66,53313344.33,0.011757,12708554.09
2026-01-13,INR,1080968122.66,1082380930.31,1412807.65,0.011817,12790447.81
2026-01-14,INR,1082380930.31,1058171245.68,-24209684.64,0.011745,12428304.11
2026-01-15,INR,1058171245.68,1057893931.29,-277314.38,0.011816,12500475.32
2026-01-16,INR,1057893931.29,1135483084.44,77589153.15,0.011943,13561203.77
2026-01-17,INR,1135483084.44,1169062627.27,33579542.83,0.011929,13946065.09
2026-01-18,INR,1169062627.27,1155973550.15,-13089077.12,0.011957,13821428.21
2026-01-19,INR,1155973550.15,1164817087.98,8843537.83,0.011829,13778099.12
2026-01-20,INR,1164817087.98,1146006419.36,-18810668.62,0.011832,13559402.94
2026-01-21,INR,1146006419.36,1178172395.22,32165975.85,0.011824,13931075.43
2026-01-22,INR,1178172395.22,1274397448.24,96225053.02,0.011752,14976851.86
2026-01-23,INR,1274397448.24,1286601647.59,12204199.36,0.011738,15101642.31
2026-01-24,INR,1286601647.59,1307329451.29,20727803.69,0.011739,15346295.77
2026-01-25,INR,1307329451.29,1291878129.48,-15451321.81,0.011804,15249274.66
2026-01-26,INR,1291878129.48,1250970667.15,-40907462.33,0.011649,14572341.33
2026-01-27,INR,1250970667.15,1298964129.47,47993462.32,0.011651,15134711.16
2026-01-28,INR,1298964129.47,1374301377.48,75337248.01,0.011652,16013677.16
2026-01-29,INR,1374301377.48,1301707517.7,-72593859.78,0.011701,15231898.84
2026-01-30,INR,1301707517.7,1212070650.26,-89636867.44,0.011513,13955034.0
2026-01-31,INR,1212070650.26,1213097932.58,1027282.32,0.011537,13995180.9
2026-02-01,INR,1213097932.58,1219784931.53,6686998.95,0.011449,13965349.67
2026-02-02,INR,1219784931.53,1180091908.39,-39693023.14,0.011758,13875342.02
2026-02-03,INR,1180091908.39,1123640123.76,-56451784.63,0.011663,13105449.86
2026-02-04,INR,1123640123.76,1196243105.81,72602982.04,0.01157,13840024.62
2026-02-05,INR,1196243105.81,1183249739.42,-12993366.38,0.011575,13695542.11
2026-02-06,INR,1183249739.42,1166042684.63,-17207054.8,0.011708,13651479.72
2026-02-07,INR,1166042684.63,1216675944.49,50633259.86,0.011799,14355112.86
2026-02-08,INR,1216675944.49,1289476142.64,72800198.15,0.011785,15196292.42
2026-02-09,INR,1289476142.64,1352989873.25,63513730.62,0.01184,16019757.11
2026-02-10,INR,1352989873.25,1307626469.59,-45363403.67,0.011899,15559119.81
2026-02-11,INR,1307626469.59,1285724575.29,-21901894.3,0.011719,15067788.22
2026-02-12,INR,1285724575.29,1210348084.07,-75376491.22,0.011606,14047758.97
2026-02-13,INR,1210348084.07,988462799.36,-221885284.72,0.01129,11160226.14
2026-02-14,INR,988462799.36,975191610.54,-13271188.82,0.011352,11070315.94
2026-02-15,INR,975191610.54,967919327.35,-7272283.18,0.011313,10949681.04
2026-02-16,INR,967919327.35,927552915.49,-40366411.86,0.01148,10647908.99
2026-02-17,INR,927552915.49,904956994.16,-22595921.33,0.011339,10260982.3
2026-02-18,INR,904956994.16,880273160.64,-24683833.52,0.011369,10007772.55
2026-02-19,INR,880273160.64,841887385.45,-38385775.19,0.011416,9610819.05
2026-02-20,INR,841887385.45,839748662.08,-2138723.37,0.011458,9621676.55
2026-02-21,INR,839748662.08,909924124.6,70175462.53,0.011253,10239711.06
2026-02-22,INR,909924124.6,889030137.73,-20893986.87,0.011153,9915757.82
2025-10-26,CHF,1357798687.0,1352821793.36,-4976893.64,1.048149,1417959098.79
2025-10-27,CHF,1352821793.36,1455680750.64,102858957.28,1.047821,1525292418.35
2025-10-28,CHF,1455680750.64,1505016005.02,49335254.38,1.032273,1553587479.78
2025-10-29,CHF,1505016005.02,1484255141.29,-20760863.73,1.015991,1507990504.26
2025-10-30,CHF,1484255141.29,1460094904.73,-24160236.56,1.015171,1482246084.63
2025-10-31,CHF,1460094904.73,1373511578.96,-86583325.77,1.023844,1406261894.23
2025-11-01,CHF,1373511578.96,1400807471.94,27295892.98,1.032736,1446664422.28
2025-11-02,CHF,1400807471.94,1410544765.33,9737293.39,1.021409,1440743416.24
2025-11-03,CHF,1410544765.33,1455610859.58,45066094.25,1.011797,1472782850.73
2025-11-04,CHF,1455610859.58,1378074279.46,-77536580.12,1.006856,1387522091.14
2025-11-05,CHF,1378074279.46,1366201884.6,-11872394.87,1.008311,1377556667.69
2025-11-06,CHF,1366201884.6,1319091199.48,-47110685.12,1.023809,1350497408.68
2025-11-07,CHF,1319091199.48,1342971561.5,23880362.02,1.030639,1384118619.7
2025-11-08,CHF,1342971561.5,1397011969.76,54040408.26,1.033619,1443977724.43
2025-11-09,CHF,1397011969.76,1412720253.94,15708284.18,1.031726,1457539852.55
2025-11-10,CHF,1412720253.94,1405101395.71,-7618858.23,1.038032,1458539673.77
2025-11-11,CHF,1405101395.71,1342978996.59,-62122399.13,1.027395,1379769320.24
2025-11-12,CHF,1342978996.59,1448079599.09,105100602.5,1.024835,1484042235.7
2025-11-13,CHF,1448079599.09,1612673352.6,164593753.52,1.033034,1665947129.67
2025-11-14,CHF,1612673352.6,1640161697.4,27488344.8,1.024705,1680682340.58
2025-11-15,CHF,1640161697.4,1625739444.17,-14422253.23,1.005277,1634318764.76
2025-11-16,CHF,1625739444.17,1630459434.34,4719990.17,0.997166,1625838631.91
2025-11-17,CHF,1630459434.34,1606964750.24,-23494684.1,0.99151,1593322146.02
2025-11-18,CHF,1606964750.24,1551461202.59,-55503547.65,0.963825,1495337414.67
2025-11-19,CHF,1551461202.59,1545012238.05,-6448964.54,0.962267,1486714584.74
2025-11-20,CHF,1545012238.05,1459524468.12,-85487769.92,0.956716,1396350386.07
2025-11-21,CHF,1459524468.12,1440483363.06,-19041105.06,0.96047,1383540746.22
2025-11-22,CHF,1440483363.06,1407116689.36,-33366673.7,0.964144,1356663549.84
2025-11-23,CHF,1407116689.36,1452805869.61,45689180.25,0.955623,1388335036.28
2025-11-24,CHF,1452805869.61,1395108472.49,-57697397.12,0.943762,1316650738.92
2025-11-25,CHF,1395108472.49,1419620489.05,24512016.57,0.940454,1335088167.47
2025-11-26,CHF,1419620489.05,1398804666.39,-20815822.66,0.941656,1317192925.36
2025-11-27,CHF,1398804666.39,1304331105.83,-94473560.56,0.946492,1234538332.24
2025-11-28,CHF,1304331105.83,1279457181.96,-24873923.87,0.939802,1202435809.3
2025-11-29,CHF,1279457181.96,1266224508.14,-13232673.82,0.94299,1194037086.43
2025-11-30,CHF,1266224508.14,1244304559.94,-21919948.21,0.934593,1162918173.94
2025-12-01,CHF,1244304559.94,1297323135.48,53018575.55,0.926396,1201835034.48
2025-12-02,CHF,1297323135.48,1234742117.52,-62581017.96,0.921864,1138264175.7
2025-12-03,CHF,1234742117.52,1234045797.32,-696320.2,0.91112,1124363523.96
2025-12-04,CHF,1234045797.32,1228344618.95,-5701178.37,0.916572,1125866171.97
2025-12-05,CHF,1228344618.95,1281683767.97,53339149.03,0.902522,1156748028.97
2025-12-06,CHF,1281683767.97,1309816447.62,28132679.64,0.898718,1177155953.56
2025-12-07,CHF,1309816447.62,1316734339.95,6917892.33,0.890803,1172950746.48
2025-12-08,CHF,1316734339.95,1275085366.26,-41648973.69,0.887777,1131991656.46
2025-12-09,CHF,1275085366.26,1243919052.69,-31166313.57,0.880472,1095236038.11
2025-12-10,CHF,1243919052.69,1192574480.12,-51344572.57,0.880739,1050347348.22
2025-12-11,CHF,1192574480.12,1172107294.75,-20467185.37,0.867726,1017068458.87
2025-12-12,CHF,1172107294.75,1125641575.43,-46465719.33,0.874706,984605274.64
2025-12-13,CHF,1125641575.43,1058018353.6,-67623221.82,0.882001,933173018.02
2025-12-14,CHF,1058018353.6,1030884254.89,-27134098.71,0.889997,917483649.08
2025-12-15,CHF,1030884254.89,1004154959.42,-26729295.48,0.898602,902335449.71
2025-12-16,CHF,1004154959.42,1075818483.42,71663524.0,0.900751,969044618.07
2025-12-17,CHF,1075818483.42,1077501105.88,1682622.47,0.909377,979854809.87
2025-12-18,CHF,1077501105.88,1074603770.82,-2897335.06,0.900427,967601936.85
2025-12-19,CHF,1074603770.82,1015958493.14,-58645277.68,0.902276,916674987.89
2025-12-20,CHF,1015958493.14,994091301.09,-21867192.05,0.905,899653043.67
2025-12-21,CHF,994091301.09,1002489824.99,8398523.9,0.896765,898997887.19
2025-12-22,CHF,1002489824.99,1021666945.58,19177120.59,0.906777,926424462.4
2025-12-23,CHF,1021666945.58,1017605928.2,-4061017.38,0.901448,917319118.47
2025-12-24,CHF,1017605928.2,969642513.78,-47963414.42,0.909569,881956848.32
2025-12-25,CHF,969642513.78,927016631.75,-42625882.03,0.923946,856513615.46
2025-12-26,CHF,927016631.75,926114933.27,-901698.48,0.928825,860199012.52
2025-12-27,CHF,926114933.27,905403803.9,-20711129.37,0.937709,849004926.41
2025-12-28,CHF,905403803.9,862961614.0,-42442189.91,0.948703,818694695.46
2025-12-29,CHF,862961614.0,821313331.33,-41648282.67,0.943459,774875819.73
2025-12-30,CHF,821313331.33,804556120.32,-16757211.01,0.964387,775903713.28
2025-12-31,CHF,804556120.32,779177791.8,-25378328.53,0.962853,750233921.24
2026-01-01,CHF,779177791.8,843351987.01,64174195.21,0.973458,820967752.69
2026-01-02,CHF,843351987.01,900102925.25,56750938.24,0.960986,864986189.39
2026-01-03,CHF,900102925.25,883493368.14,-16609557.11,0.968957,856066984.95
2026-01-04,CHF,883493368.14,921204925.59,37711557.45,0.973604,896888623.17
2026-01-05,CHF,921204925.59,862809066.44,-58395859.15,0.971557,838268566.46
2026-01-06,CHF,862809066.44,797323660.72,-65485405.72,0.97245,775357778.64
2026-01-07,CHF,797323660.72,795638276.99,-1685383.72,0.970268,771982345.4
2026-01-08,CHF,795638276.99,816685104.6,21046827.61,0.969658,791905287.49
2026-01-09,CHF,816685104.6,802606690.66,-14078413.94,0.96652,775735544.87
2026-01-10,CHF,802606690.66,824266193.95,21659503.28,0.970554,799994852.15
2026-01-11,CHF,824266193.95,793845831.07,-30420362.88,0.958605,760984832.76
2026-01-12,CHF,793845831.07,805731070.07,11885239.0,0.965444,777888499.73
2026-01-13,CHF,805731070.07,823491012.0,17759941.93,0.969087,798034573.41
2026-01-14,CHF,823491012.0,786563068.33,-36927943.67,0.969347,762452717.86
2026-01-15,CHF,786563068.33,763502717.47,-23060350.87,0.969718,740382157.14
2026-01-16,CHF,763502717.47,723295757.63,-40206959.84,0.966092,698770002.85
2026-01-17,CHF,723295757.63,680882121.27,-42413636.36,0.964491,656704791.99
2026-01-18,CHF,680882121.27,659390217.93,-21491903.34,0.963617,635399657.19
2026-01-19,CHF,659390217.93,613749056.33,-45641161.6,0.947927,581789277.8
2026-01-20,CHF,613749056.33,653978234.01,40229177.68,0.933403,610424982.05
2026-01-21,CHF,653978234.01,698110948.26,44132714.25,0.927249,647322589.73
2026-01-22,CHF,698110948.26,749959983.17,51849034.91,0.933452,700051894.67
2026-01-23,CHF,749959983.17,727604497.57,-22355485.6,0.924009,672312868.58
2026-01-24,CHF,727604497.57,759925825.17,32321327.6,0.915343,695593040.85
2026-01-25,CHF,759925825.17,704096158.01,-55829667.16,0.917655,646117048.17
2026-01-26,CHF,704096158.01,770264589.46,66168431.45,0.897896,691617603.47
2026-01-27,CHF,770264589.46,757587786.07,-12676803.39,0.890855,674901221.21
2026-01-28,CHF,757587786.07,666457957.88,-91129828.2,0.889715,592957540.54
2026-01-29,CHF,666457957.88,692571670.08,26113712.21,0.893311,618682031.01
2026-01-30,CHF,692571670.08,678139639.97,-14432030.11,0.913466,619457470.64
2026-01-31,CHF,678139639.97,693872426.46,15732786.49,0.919885,638283156.51
2026-02-01,CHF,693872426.46,686414529.49,-7457896.97,0.936761,643006682.85
2026-02-02,CHF,686414529.49,698687159.34,12272629.84,0.933025,651892359.21
2026-02-03,CHF,698687159.34,679042442.15,-19644717.19,0.922306,626284948.09
2026-02-04,CHF,679042442.15,725176135.84,46133693.69,0.922436,668928479.32
2026-02-05,CHF,725176135.84,760194356.36,35018220.52,0.928865,706118040.12
2026-02-06,CHF,760194356.36,654929192.42,-105265163.94,0.932638,610811717.5
2026-02-07,CHF,654929192.42,641219649.21,-13709543.21,0.929752,596175533.33
2026-02-08,CHF,641219649.21,667137189.77,25917540.56,0.929164,619879757.64
2026-02-09,CHF,667137189.77,717032660.8,49895471.04,0.931878,668187225.23
2026-02-10,CHF,717032660.8,687311406.81,-29721253.99,0.918679,631418493.5
2026-02-11,CHF,687311406.81,674617796.19,-12693610.63,0.919929,620600592.88
2026-02-12,CHF,674617796.19,698694690.66,24076894.48,0.904497,631967600.83
2026-02-13,CHF,698694690.66,370157286.48,-328537404.18,0.920554,340749610.79
2026-02-14,CHF,370157286.48,382128368.65,11971082.16,0.930126,355427550.66
2026-02-15,CHF,382128368.65,317531718.66,-64596649.99,0.938048,297860144.83
2026-02-16,CHF,317531718.66,304702813.47,-12828905.19,0.937147,285551247.82
2026-02-17,CHF,304702813.47,253193591.9,-51509221.57,0.938437,237606109.91
2026-02-18,CHF,253193591.9,304083601.7,50890009.8,0.925022,281283878.37
2026-02-19,CHF,304083601.7,266638873.25,-37444728.46,0.924282,246449382.54
2026-02-20,CHF,266638873.25,354671027.4,88032154.15,0.921508,326832198.85
2026-02-21,CHF,354671027.4,317377381.3,-37293646.09,0.929846,295111953.37
2026-02-22,CHF,317377381.3,333159545.27,15782163.97,0.922103,307207488.83
2025-10-26,AUD,1604667860.79,1639355498.48,34687637.69,0.707996,1160657295.65
2025-10-27,AUD,1639355498.48,1590932456.08,-48423042.4,0.706474,1123953013.41
2025-10-28,AUD,1590932456.08,1685756797.6,94824341.52,0.717205,1209033044.53
2025-10-29,AUD,1685756797.6,1715066158.37,29309360.77,0.718704,1232625198.25
2025-10-30,AUD,1715066158.37,1742699284.78,27633126.41,0.718176,1251564833.47
2025-10-31,AUD,1742699284.78,1707902784.92,-34796499.86,0.71237,1216658208.67
2025-11-01,AUD,1707902784.92,1817108444.34,109205659.42,0.708201,1286877128.39
2025-11-02,AUD,1817108444.34,1869406281.49,52297837.15,0.692939,1295383755.32
2025-11-03,AUD,1869406281.49,1843337565.63,-26068715.86,0.692156,1275877081.74
2025-11-04,AUD,1843337565.63,1815936237.33,-27401328.3,0.686829,1247237833.05
2025-11-05,AUD,1815936237.33,1862895242.24,46959004.91,0.689212,1283930287.43
2025-11-06,AUD,1862895242.24,1835604563.18,-27290679.05,0.684841,1257097966.78
2025-11-07,AUD,1835604563.18,1767809603.24,-67794959.94,0.67725,1197249195.94
2025-11-08,AUD,1767809603.24,1714509414.98,-53300188.26,0.674215,1155948108.93
2025-11-09,AUD,1714509414.98,1867853940.47,153344525.5,0.670521,1252434427.75
2025-11-10,AUD,1867853940.47,1845449843.2,-22404097.28,0.666791,1230529951.73
2025-11-11,AUD,1845449843.2,1868100287.21,22650444.01,0.658283,1229738803.52
2025-11-12,AUD,1868100287.21,1817736923.74,-50363363.47,0.6655,1209703053.04
2025-11-13,AUD,1817736923.74,1830977053.01,13240129.27,0.666643,1220607194.62
2025-11-14,AUD,1830977053.01,1875455630.08,44478577.07,0.666907,1250755393.36
2025-11-15,AUD,1875455630.08,1815838160.7,-59617469.38,0.670207,1216987649.12
2025-11-16,AUD,1815838160.7,1844022541.3,28184380.61,0.660025,1217100440.15
2025-11-17,AUD,1844022541.3,1859305074.01,15282532.7,0.664322,1235177173.26
2025-11-18,AUD,1859305074.01,1894095143.18,34790069.18,0.669881,1268819182.97
2025-11-19,AUD,1894095143.18,1914708762.67,20613619.49,0.676558,1295412345.1
2025-11-20,AUD,1914708762.67,1864820894.87,-49887867.8,0.687027,1281182605.86
2025-11-21,AUD,1864820894.87,1770416665.31,-94404229.56,0.692928,1226770592.39
2025-11-22,AUD,1770416665.31,1722691549.16,-47725116.15,0.701564,1208578631.88
2025-11-23,AUD,1722691549.16,1758760899.89,36069350.74,0.6977,1227088298.51
2025-11-24,AUD,1758760899.89,1745179109.41,-13581790.49,0.694595,1212192557.32
2025-11-25,AUD,1745179109.41,1781758739.93,36579630.52,0.684814,1220173692.64
2025-11-26,AUD,1781758739.93,1770019273.53,-11739466.39,0.688125,1217995338.35
2025-11-27,AUD,1770019273.53,1674842397.25,-95176876.28,0.679222,1137589566.44
2025-11-28,AUD,1674842397.25,1735169880.98,60327483.73,0.666367,1156259865.06
2025-11-29,AUD,1735169880.98,1686731147.87,-48438733.11,0.677326,1142467594.64
2025-11-30,AUD,1686731147.87,1705231965.38,18500817.51,0.686058,1169888118.43
2025-12-01,AUD,1705231965.38,1665803906.85,-39428058.53,0.676442,1126819184.65
2025-12-02,AUD,1665803906.85,1670703042.68,4899135.83,0.679438,1135139172.15
2025-12-03,AUD,1670703042.68,1588147783.28,-82555259.4,0.679471,1079099648.03
2025-12-04,AUD,1588147783.28,1546446016.98,-41701766.3,0.679918,1051457085.76
2025-12-05,AUD,1546446016.98,1597031986.21,50585969.23,0.678043,1082856350.59
2025-12-06,AUD,1597031986.21,1655933611.5,58901625.29,0.676452,1120159818.04
2025-12-07,AUD,1655933611.5,1701167047.21,45233435.71,0.6823,1160706347.5
2025-12-08,AUD,1701167047.21,1733150147.29,31983100.07,0.683812,1185148539.08
2025-12-09,AUD,1733150147.29,1821007906.02,87857758.73,0.68529,1247918308.71
2025-12-10,AUD,1821007906.02,1857684342.0,36676435.98,0.675242,1254385741.41
2025-12-11,AUD,1857684342.0,1894413075.0,36728733.0,0.682108,1292193789.31
2025-12-12,AUD,1894413075.0,1874675050.08,-19738024.92,0.69069,1294819580.41
2025-12-13,AUD,1874675050.08,1825410620.33,-49264429.75,0.684101,1248764757.46
2025-12-14,AUD,1825410620.33,1845337112.26,19926491.93,0.686441,1266715717.64
2025-12-15,AUD,1845337112.26,1818349503.89,-26987608.37,0.678003,1232847188.06
2025-12-16,AUD,1818349503.89,1877172386.24,58822882.36,0.667321,1252676322.71
2025-12-17,AUD,1877172386.24,1899306344.37,22133958.13,0.661697,1256764460.47
2025-12-18,AUD,1899306344.37,1912796195.98,13489851.61,0.66086,1264090368.34
2025-12-19,AUD,1912796195.98,1995155761.74,82359565.75,0.67007,1336893447.93
2025-12-20,AUD,1995155761.74,1986571248.72,-8584513.02,0.677887,1346670270.09
2025-12-21,AUD,1986571248.72,1893705357.15,-92865891.57,0.676969,1281980050.03
2025-12-22,AUD,1893705357.15,1880117560.91,-13587796.24,0.66312,1246743386.84
2025-12-23,AUD,1880117560.91,1857677698.56,-22439862.35,0.670821,1246169988.23
2025-12-24,AUD,1857677698.56,1866806145.85,9128447.29,0.674384,1258944299.7
2025-12-25,AUD,1866806145.85,1812047944.81,-54758201.04,0.668316,1211020721.48
2025-12-26,AUD,1812047944.81,1805863248.7,-6184696.11,0.670655,1211110669.87
2025-12-27,AUD,1805863248.7,1836288132.94,30424884.24,0.670891,1231948263.96
2025-12-28,AUD,1836288132.94,1808232235.97,-28055896.97,0.667416,1206843440.82
2025-12-29,AUD,1808232235.97,1773990983.99,-34241251.98,0.662497,1175263941.38
2025-12-30,AUD,1773990983.99,1730956243.19,-43034740.81,0.666066,1152930766.02
2025-12-31,AUD,1730956243.19,1733560350.64,2604107.46,0.6696,1160791765.8
2026-01-01,AUD,1733560350.64,1718933907.61,-14626443.03,0.66903,1150018185.73
2026-01-02,AUD,1718933907.61,1626939932.37,-91993975.24,0.674079,1096686187.44
2026-01-03,AUD,1626939932.37,1646308136.01,19368203.64,0.674938,1111155696.18
2026-01-04,AUD,1646308136.01,1692118175.21,45810039.21,0.686422,1161507489.45
2026-01-05,AUD,1692118175.21,1652927240.09,-39190935.12,0.696141,1150669946.9
2026-01-06,AUD,1652927240.09,1716097403.34,63170163.25,0.69326,1189702313.2
2026-01-07,AUD,1716097403.34,1661520199.64,-54577203.71,0.69521,1155105387.28
2026-01-08,AUD,1661520199.64,1718085595.02,56565395.39,0.686455,1179388950.88
2026-01-09,AUD,1718085595.02,1655728165.24,-62357429.78,0.690475,1143239365.81
2026-01-10,AUD,1655728165.24,1662637596.03,6909430.79,0.696376,1157821235.91
2026-01-11,AUD,1662637596.03,1677213236.75,14575640.72,0.698947,1172283200.1
2026-01-12,AUD,1677213236.75,1685293286.23,8080049.48,0.699226,1178400547.16
2026-01-13,AUD,1685293286.23,1718119641.2,32826354.98,0.689771,1185109561.1
2026-01-14,AUD,1718119641.2,1715834778.08,-2284863.13,0.686734,1178321618.59
2026-01-15,AUD,1715834778.08,1690954173.96,-24880604.12,0.691037,1168512163.66
2026-01-16,AUD,1690954173.96,1731747960.85,40793786.9,0.696466,1206103655.06
2026-01-17,AUD,1731747960.85,1772357543.04,40609582.19,0.698402,1237817979.51
2026-01-18,AUD,1772357543.04,1700932175.66,-71425367.39,0.696666,1184980938.95
2026-01-19,AUD,1700932175.66,1723012106.52,22079930.86,0.697705,1202153799.16
2026-01-20,AUD,1723012106.52,1767590379.04,44578272.53,0.699842,1237034408.17
2026-01-21,AUD,1767590379.04,1772508514.64,4918135.6,0.694275,1230609161.99
2026-01-22,AUD,1772508514.64,1755755123.35,-16753391.29,0.701382,1231454236.19
2026-01-23,AUD,1755755123.35,1740521974.53,-15233148.82,0.707004,1230555246.95
2026-01-24,AUD,1740521974.53,1652755183.9,-87766790.63,0.70115,1158828630.89
2026-01-25,AUD,1652755183.9,1572092912.93,-80662270.97,0.685181,1077168655.32
2026-01-26,AUD,1572092912.93,1480634525.11,-91458387.82,0.684054,1012834523.76
2026-01-27,AUD,1480634525.11,1553319736.7,72685211.6,0.67309,1045523604.59
2026-01-28,AUD,1553319736.7,1554408719.44,1088982.74,0.67157,1043894019.06
2026-01-29,AUD,1554408719.44,1556895409.17,2486689.72,0.67007,1043229553.76
2026-01-30,AUD,1556895409.17,1523090373.7,-33805035.47,0.655045,997693472.08
2026-01-31,AUD,1523090373.7,1551494281.79,28403908.09,0.66175,1026702069.25
2026-02-01,AUD,1551494281.79,1549968972.19,-1525309.59,0.662093,1026223102.01
2026-02-02,AUD,1549968972.19,1482073277.31,-67895694.88,0.658774,976350830.08
2026-02-03,AUD,1482073277.31,1508572635.45,26499358.14,0.652099,983738003.64
2026-02-04,AUD,1508572635.45,1503022640.29,-5549995.16,0.6661,1001164028.35
2026-02-05,AUD,1503022640.29,1513737500.94,10714860.65,0.658594,996937722.58
2026-02-06,AUD,1513737500.94,1653066019.92,139328518.98,0.661046,1092753487.65
2026-02-07,AUD,1653066019.92,1611976626.09,-41089393.83,0.660381,1064518693.84
2026-02-08,AUD,1611976626.09,1526930837.99,-85045788.1,0.654962,1000082072.24
2026-02-09,AUD,1526930837.99,1570572101.05,43641263.06,0.646865,1015948488.22
2026-02-10,AUD,1570572101.05,1499866675.25,-70705425.8,0.652953,979342011.8
2026-02-11,AUD,1499866675.25,1609688573.93,109821898.68,0.656549,1056838970.78
2026-02-12,AUD,1609688573.93,1698123206.4,88434632.47,0.649013,1102104265.96
2026-02-13,AUD,1698123206.4,1421305897.85,-276817308.55,0.656344,932865145.44
2026-02-14,AUD,1421305897.85,1395864952.54,-25440945.31,0.6501,907451950.81
2026-02-15,AUD,1395864952.54,1390613846.04,-5251106.5,0.652389,907220714.14
2026-02-16,AUD,1390613846.04,1379258842.16,-11355003.88,0.653749,901688628.28
2026-02-17,AUD,1379258842.16,1316637483.18,-62621358.98,0.655702,863321895.33
2026-02-18,AUD,1316637483.18,1354541933.96,37904450.77,0.657513,890628601.21
2026-02-19,AUD,1354541933.96,1315560742.01,-38981191.94,0.646907,851045912.16
2026-02-20,AUD,1315560742.01,1320331874.73,4771132.72,0.643209,849249324.86
2026-02-21,AUD,1320331874.73,1401329930.52,80998055.78,0.652335,914136468.92
2026-02-22,AUD,1401329930.52,1307972912.48,-93357018.04,0.65061,850980379.96
2025-10-26,CAD,865187972.03,889186663.42,23998691.4,0.748655,665694140.24
2025-10-27,CAD,889186663.42,873574113.78,-15612549.64,0.747259,652785769.68
2025-10-28,CAD,873574113.78,795674589.48,-77899524.3,0.74282,591042632.96
2025-10-29,CAD,795674589.48,775474981.64,-20199607.83,0.729487,565699192.07
2025-10-30,CAD,775474981.64,796448474.26,20973492.61,0.732366,583291523.24
2025-10-31,CAD,796448474.26,858843166.06,62394691.8,0.731917,628601728.01
2025-11-01,CAD,858843166.06,832959045.66,-25884120.39,0.726491,605137306.36
2025-11-02,CAD,832959045.66,872383630.94,39424585.27,0.731976,638564033.3
2025-11-03,CAD,872383630.94,891583358.19,19199727.25,0.729801,650678116.34
2025-11-04,CAD,891583358.19,976178021.61,84594663.42,0.728863,711500475.51
2025-11-05,CAD,976178021.61,950248027.09,-25929994.53,0.733509,697015734.37
2025-11-06,CAD,950248027.09,925948624.16,-24299402.93,0.723543,669963780.96
2025-11-07,CAD,925948624.16,1033384795.92,107436171.77,0.729189,753532748.4
2025-11-08,CAD,1033384795.92,1037744718.77,4359922.85,0.730242,757804913.87
2025-11-09,CAD,1037744718.77,979839018.68,-57905700.09,0.730876,716140892.25
2025-11-10,CAD,979839018.68,967132441.82,-12706576.86,0.726954,703060821.78
2025-11-11,CAD,967132441.82,908498107.64,-58634334.18,0.718702,652939257.56
2025-11-12,CAD,908498107.64,908106979.27,-391128.37,0.718292,652285695.24
2025-11-13,CAD,908106979.27,917294724.27,9187745.01,0.714405,655320050.44
2025-11-14,CAD,917294724.27,880480063.96,-36814660.31,0.719999,633944447.94
2025-11-15,CAD,880480063.96,894276869.77,13796805.81,0.724442,647852132.1
2025-11-16,CAD,894276869.77,965462193.79,71185324.01,0.723645,698652007.17
2025-11-17,CAD,965462193.79,906812198.21,-58649995.58,0.717152,650322368.64
2025-11-18,CAD,906812198.21,868195015.22,-38617182.99,0.712981,619006206.29
2025-11-19,CAD,868195015.22,854743584.18,-13451431.04,0.719696,615155466.4
2025-11-20,CAD,854743584.18,806802539.65,-47941044.53,0.717497,578878600.79
2025-11-21,CAD,806802539.65,824400362.24,17597822.59,0.719647,593277109.46
2025-11-22,CAD,824400362.24,820672987.26,-3727374.98,0.725403,595318892.16
2025-11-23,CAD,820672987.26,839681516.63,19008529.37,0.746114,626498487.44
2025-11-24,CAD,839681516.63,759940406.37,-79741110.26,0.747891,568352871.17
2025-11-25,CAD,759940406.37,681097721.98,-78842684.4,0.751685,511970931.83
2025-11-26,CAD,681097721.98,742404173.08,61306451.11,0.754086,559836830.19
2025-11-27,CAD,742404173.08,848570571.29,106166398.2,0.746176,633183162.04
2025-11-28,CAD,848570571.29,864519564.34,15948993.05,0.746755,645584554.35
2025-11-29,CAD,864519564.34,886513207.31,21993642.98,0.749137,664119531.1
2025-11-30,CAD,886513207.31,925405417.24,38892209.93,0.73938,684226486.12
2025-12-01,CAD,925405417.24,979769734.35,54364317.11,0.735685,720801449.48
2025-12-02,CAD,979769734.35,1024391310.6,44621576.25,0.742018,760116941.89
2025-12-03,CAD,1024391310.6,977738566.14,-46652744.46,0.73911,722655874.6
2025-12-04,CAD,977738566.14,931373352.37,-46365213.77,0.735378,684911327.79
2025-12-05,CAD,931373352.37,969643160.39,38269808.02,0.741151,718652456.97
2025-12-06,CAD,969643160.39,1010421560.36,40778399.98,0.739662,747370901.58
2025-12-07,CAD,1010421560.36,918878606.57,-91542953.8,0.739614,679615407.22
2025-12-08,CAD,918878606.57,986199011.73,67320405.17,0.747733,737413727.93
2025-12-09,CAD,986199011.73,944600316.8,-41598694.93,0.759141,717084835.82
2025-12-10,CAD,944600316.8,894468151.72,-50132165.08,0.759447,679301442.02
2025-12-11,CAD,894468151.72,852783658.51,-41684493.21,0.777257,662831739.6
2025-12-12,CAD,852783658.51,851169014.12,-1614644.39,0.766509,652428957.3
2025-12-13,CAD,851169014.12,916401555.48,65232541.36,0.756684,693426710.31
2025-12-14,CAD,916401555.48,897562830.6,-18838724.88,0.766366,687862025.88
2025-12-15,CAD,897562830.6,879182944.05,-18379886.55,0.76925,676311121.37
2025-12-16,CAD,879182944.05,828941656.27,-50241287.78,0.784098,649971579.18
2025-12-17,CAD,828941656.27,763607334.96,-65334321.31,0.779433,595181027.0
2025-12-18,CAD,763607334.96,750722105.04,-12885229.92,0.76703,575826181.6
2025-12-19,CAD,750722105.04,759973893.88,9251788.84,0.776365,590017130.57
2025-12-20,CAD,759973893.88,844701707.39,84727813.51,0.780841,659577585.52
2025-12-21,CAD,844701707.39,802213325.0,-42488382.39,0.769254,617105667.0
2025-12-22,CAD,802213325.0,952340227.17,150126902.17,0.77808,740996899.3
2025-12-23,CAD,952340227.17,1030126629.84,77786402.67,0.780489,804003002.11
2025-12-24,CAD,1030126629.84,1089923838.48,59797208.65,0.779167,849233032.29
2025-12-25,CAD,1089923838.48,1027221236.13,-62702602.36,0.769369,790312073.52
2025-12-26,CAD,1027221236.13,1024070643.09,-3150593.04,0.77065,789200050.08
2025-12-27,CAD,1024070643.09,1035452362.51,11381719.42,0.76022,787171211.78
2025-12-28,CAD,1035452362.51,1048497770.34,13045407.83,0.738518,774334888.06
2025-12-29,CAD,1048497770.34,1060039262.48,11541492.14,0.732323,776291602.22
2025-12-30,CAD,1060039262.48,1037882215.91,-22157046.57,0.742759,770895869.19
2025-12-31,CAD,1037882215.91,1046837907.1,8955691.19,0.741356,776079717.63
2026-01-01,CAD,1046837907.1,1053701944.45,6864037.35,0.750762,791079646.41
2026-01-02,CAD,1053701944.45,1105074453.16,51372508.72,0.765881,846355384.72
2026-01-03,CAD,1105074453.16,1054949149.73,-50125303.44,0.763567,805524687.5
2026-01-04,CAD,1054949149.73,1103045481.85,48096332.12,0.772308,851890336.08
2026-01-05,CAD,1103045481.85,1119192633.92,16147152.07,0.780123,873108441.03
2026-01-06,CAD,1119192633.92,1114025376.23,-5167257.69,0.775943,864420643.6
2026-01-07,CAD,1114025376.23,1124791728.59,10766352.36,0.769111,865089642.98
2026-01-08,CAD,1124791728.59,1139117555.36,14325826.78,0.76683,873509868.14
2026-01-09,CAD,1139117555.36,1060383649.21,-78733906.16,0.773686,820404001.39
2026-01-10,CAD,1060383649.21,1069348316.67,8964667.46,0.772232,825785371.13
2026-01-11,CAD,1069348316.67,1098600125.98,29251809.31,0.777643,854318453.06
2026-01-12,CAD,1098600125.98,1143285819.92,44685693.93,0.771752,882332743.77
2026-01-13,CAD,1143285819.92,1089218185.46,-54067634.46,0.765114,833375992.69
2026-01-14,CAD,1089218185.46,1220790696.19,131572510.73,0.75768,924969054.14
2026-01-15,CAD,1220790696.19,1274258711.32,53468015.13,0.749433,954971226.64
2026-01-16,CAD,1274258711.32,1215240535.82,-59018175.51,0.737195,895869425.61
2026-01-17,CAD,1215240535.82,1142692955.05,-72547580.76,0.735023,839905910.89
2026-01-18,CAD,1142692955.05,1153614883.93,10921928.88,0.737934,851291374.45
2026-01-19,CAD,1153614883.93,1174146413.69,20531529.76,0.742566,871880994.96
2026-01-20,CAD,1174146413.69,1156468077.1,-17678336.59,0.726341,839990654.79
2026-01-21,CAD,1156468077.1,1150557496.32,-5910580.78,0.721532,830164334.71
2026-01-22,CAD,1150557496.32,1182171912.36,31614416.03,0.727081,859534805.84
2026-01-23,CAD,1182171912.36,1147057486.71,-35114425.65,0.733419,841273211.05
2026-01-24,CAD,1147057486.71,1142471955.06,-4585531.65,0.726648,830174909.91
2026-01-25,CAD,1142471955.06,1258494882.74,116022927.68,0.724009,911161108.37
2026-01-26,CAD,1258494882.74,1295668852.66,37173969.92,0.733458,950318728.45
2026-01-27,CAD,1295668852.66,1323245809.78,27576957.12,0.730119,966126970.68
2026-01-28,CAD,1323245809.78,1308988598.72,-14257211.06,0.7144,935140953.64
2026-01-29,CAD,1308988598.72,1262774228.53,-46214370.2,0.720124,909354112.28
2026-01-30,CAD,1262774228.53,1255889148.99,-6885079.53,0.7239,909138342.57
2026-01-31,CAD,1255889148.99,1196025264.28,-59863884.71,0.721969,863493084.91
2026-02-01,CAD,1196025264.28,1216524283.85,20499019.57,0.72151,877734555.27
2026-02-02,CAD,1216524283.85,1304619068.88,88094785.03,0.717264,935755998.32
2026-02-03,CAD,1304619068.88,1307341921.19,2722852.31,0.718785,939697592.73
2026-02-04,CAD,1307341921.19,1260691791.71,-46650129.49,0.709545,894517247.54
2026-02-05,CAD,1260691791.71,1274724663.96,14032872.25,0.715295,911804529.75
2026-02-06,CAD,1274724663.96,1303253474.67,28528810.72,0.72047,938954657.61
2026-02-07,CAD,1303253474.67,1276258621.64,-26994853.03,0.714605,912020812.19
2026-02-08,CAD,1276258621.64,1264295570.4,-11963051.24,0.72408,915451602.66
2026-02-09,CAD,1264295570.4,1299420942.75,35125372.35,0.714849,928890283.79
2026-02-10,CAD,1299420942.75,1325542065.86,26121123.11,0.732858,971434436.27
2026-02-11,CAD,1325542065.86,1384455815.99,58913750.13,0.727953,1007819300.94
2026-02-12,CAD,1384455815.99,1437889628.28,53433812.29,0.729424,1048830927.85
2026-02-13,CAD,1437889628.28,1106670928.99,-331218699.29,0.732455,810586172.86
2026-02-14,CAD,1106670928.99,1172578118.77,65907189.78,0.727313,852831579.92
2026-02-15,CAD,1172578118.77,1192504834.47,19926715.7,0.721326,860185255.37
2026-02-16,CAD,1192504834.47,1135483576.48,-57021257.99,0.715983,812986480.34
2026-02-17,CAD,1135483576.48,1091872890.69,-43610685.79,0.716667,782509749.3
2026-02-18,CAD,1091872890.69,1052204331.6,-39668559.08,0.728546,766578854.39
2026-02-19,CAD,1052204331.6,1012727518.57,-39476813.03,0.729904,739194013.15
2026-02-20,CAD,1012727518.57,1084577819.53,71850300.95,0.727638,789180551.08
2026-02-21,CAD,1084577819.53,1101163385.26,16585565.73,0.740856,815803040.94
2026-02-22,CAD,1101163385.26,1119821254.08,18657868.82,0.731371,819005065.45
